,cer,cer
,mean,median
level,,
clean,0.4728488372093023,0.6675
light,0.4735279069767442,0.6656
medium,0.47560697674418606,0.6668
heavy,0.48130465116279075,0.6647
