,cer,cer
,mean,median
level,,
clean,0.14042325581395348,0.0679
light,0.15211627906976746,0.0798
medium,0.1409720930232558,0.0875
heavy,0.13601162790697677,0.0639
