,cer,cer
,mean,median
level,,
clean,0.07335348837209302,0.0283
light,0.0764139534883721,0.0249
medium,0.08405581395348836,0.0273
heavy,0.12410232558139535,0.0457
