,cer,cer
,mean,median
level,,
clean,0.5412046511627907,0.5316
light,0.24046976744186044,0.145
medium,0.2989093023255814,0.1546
heavy,0.29506511627906973,0.1757
